Ticker,Company,Industry,Headquarter,Date added to SP500,Founded,,
ATVI,Activision Blizzard,Communication Services,California,8/31/15,2008,27,
CHTR,Charter Communications,Communication Services,Connecticut,9/8/16,1993,,
CMCSA,Comcast,Communication Services,Pennsylvania,11/19/02,1963,,
DIS,The Walt Disney Company,Communication Services,California,6/30/76,1923,,
DISCA,Discovery (Series A),Communication Services,New York,3/1/10,1985,,
DISCK,Discovery (Series C),Communication Services,New York,8/7/14,1985,,
DISH,Dish Network,Communication Services,Colorado,3/13/17,1980,,
EA,Electronic Arts,Communication Services,California,7/22/02,1982,,
FB,Meta Platforms,Communication Services,California,12/23/13,2004,,
FOX,Fox Corporation (Class B),Communication Services,New York,9/18/15,2019,,
FOXA,Fox Corporation (Class A),Communication Services,New York,7/1/13,2019,,
GOOG,Alphabet (Class C),Communication Services,California,4/3/06,1998,,
GOOGL,Alphabet (Class A),Communication Services,California,4/3/14,1998,,
IPG,Interpublic Group,Communication Services,New York,10/1/92,1930,,
LUMN,Lumen Technologies,Communication Services,Louisiana,3/25/99,1877,,
LYV,Live Nation Entertainment,Communication Services,California,12/23/19,2010,,
MTCH,Match Group,Communication Services,Texas,9/20/21,1986,,
NFLX,Netflix,Communication Services,California,12/20/10,1997,,
NWS,News Corp (Class B),Communication Services,New York,9/18/15,1980,,
NWSA,News Corp (Class A),Communication Services,New York,8/1/13,1980,,
OMC,Omnicom Group,Communication Services,New York,,1986,,
T,AT&T,Communication Services,Texas,1983-11-30 (1957-03-04),1885,,
TMUS,T-Mobile US,Communication Services,Washington,7/15/19,1994,,
TTWO,Take-Two Interactive,Communication Services,New York,3/19/18,1993,,
TWTR,Twitter,Communication Services,California,6/7/18,2006,,
VIAC,ViacomCBS,Communication Services,New York,,1952,,
VZ,Verizon Communications,Communication Services,New York,11/30/83,1877,,
AAP,Advance Auto Parts,Consumer Discretionary,North Carolina,7/9/15,1932,63,
AMZN,Amazon,Consumer Discretionary,Washington,11/18/05,1994,,
APTV,Aptiv,Consumer Discretionary,Ireland,12/24/12,1994,,
AZO,AutoZone,Consumer Discretionary,Tennessee,1/2/97,1979,,
BBWI,Bath & Body Works,Consumer Discretionary,Ohio,9/30/83,1963,,
BBY,Best Buy,Consumer Discretionary,Minnesota,6/29/99,1966,,
BKNG,Booking Holdings,Consumer Discretionary,Connecticut,11/6/09,1996,,
BWA,BorgWarner,Consumer Discretionary,Michigan,12/19/11,1880,,
CCL,Carnival Corporation,Consumer Discretionary,Florida,12/22/98,1972,,
CMG,Chipotle Mexican Grill,Consumer Discretionary,California,4/28/11,1993,,
CZR,Caesars Entertainment,Consumer Discretionary,Nevada,3/22/21,1973,,
DG,Dollar General,Consumer Discretionary,Tennessee,12/3/12,1939,,
DHI,D. R. Horton,Consumer Discretionary,Texas,6/22/05,1978,,
DLTR,Dollar Tree,Consumer Discretionary,Virginia,12/19/11,1986,,
DPZ,Domino's Pizza,Consumer Discretionary,Michigan,5/12/20,1960,,
DRI,Darden Restaurants,Consumer Discretionary,Florida,,1938,,
EBAY,eBay,Consumer Discretionary,California,7/22/02,1995,,
ETSY,Etsy,Consumer Discretionary,New York,9/21/20,2005,,
EXPE,Expedia Group,Consumer Discretionary,Washington,10/2/07,1996,,
F,Ford,Consumer Discretionary,Michigan,3/4/57,1903,,
GM,General Motors,Consumer Discretionary,Michigan,6/6/13,1908,,
GPC,Genuine Parts,Consumer Discretionary,Georgia,12/31/73,1925,,
GPS,Gap,Consumer Discretionary,California,8/31/86,1969,,
GRMN,Garmin,Consumer Discretionary,Switzerland,12/12/12,1989,,
HAS,Hasbro,Consumer Discretionary,Rhode Island,9/30/84,1923,,
HBI,Hanesbrands,Consumer Discretionary,North Carolina,3/20/15,2000,,
HD,Home Depot,Consumer Discretionary,Georgia,3/31/88,1978,,
HLT,Hilton Worldwide,Consumer Discretionary,Virginia,6/19/17,1919,,
KMX,CarMax,Consumer Discretionary,Virginia,6/28/10,1993,,
LEG,Leggett & Platt,Consumer Discretionary,Missouri,10/14/99,1883,,
LEN,Lennar,Consumer Discretionary,Florida,10/4/05,1954,,
LKQ,LKQ Corporation,Consumer Discretionary,Illinois,5/23/16,1998,,
LOW,Lowe's,Consumer Discretionary,North Carolina,2/29/84,1904,,
LVS,Las Vegas Sands,Consumer Discretionary,Nevada,10/3/19,1988,,
MAR,Marriott International,Consumer Discretionary,Maryland,,1927,,
MCD,McDonald's,Consumer Discretionary,Illinois,6/30/70,1940,,
MGM,MGM Resorts International,Consumer Discretionary,Nevada,7/26/17,1986,,
MHK,Mohawk Industries,Consumer Discretionary,Georgia,12/23/13,1878,,
NCLH,Norwegian Cruise Line Holdings,Consumer Discretionary,Florida,10/13/17,1966,,
NKE,Nike,Consumer Discretionary,Oregon,11/30/88,1964,,
NVR,NVR,Consumer Discretionary,Virginia,9/26/19,1980,,
NWL,Newell Brands,Consumer Discretionary,Georgia,4/30/89,1903,,
ORLY,O'Reilly Automotive,Consumer Discretionary,Missouri,3/27/09,1957,,
PENN,Penn National Gaming,Consumer Discretionary,Pennsylvania,3/22/21,1972,,
PHM,PulteGroup,Consumer Discretionary,Georgia,4/30/84,1956,,
POOL,Pool Corporation,Consumer Discretionary,Louisiana,10/7/20,1993,,
PVH,PVH,Consumer Discretionary,New York,2/15/13,1881,,
RCL,Royal Caribbean Group,Consumer Discretionary,Florida,12/5/14,1997,,
RL,Ralph Lauren Corporation,Consumer Discretionary,New York,2/2/07,1967,,
ROST,Ross Stores,Consumer Discretionary,California,12/21/09,1982,,
SBUX,Starbucks,Consumer Discretionary,Washington,,1971,,
TGT,Target,Consumer Discretionary,Minnesota,12/31/76,1902,,
TJX,TJX Companies,Consumer Discretionary,Massachusetts,9/30/85,1987,,
TPR,Tapestry,Consumer Discretionary,New York,,2017,,
TSCO,Tractor Supply Company,Consumer Discretionary,Tennessee,1/24/14,1938,,
TSLA,Tesla,Consumer Discretionary,California,12/21/20,2003,,
UA,Under Armour (Class C),Consumer Discretionary,Maryland,4/8/16,1996,,
UAA,Under Armour (Class A),Consumer Discretionary,Maryland,5/1/14,1996,,
ULTA,Ulta Beauty,Consumer Discretionary,Illinois,4/18/16,1990,,
VFC,VF Corporation,Consumer Discretionary,Colorado,6/30/79,1899,,
WHR,Whirlpool Corporation,Consumer Discretionary,Michigan,,1911,,
WYNN,Wynn Resorts,Consumer Discretionary,Nevada,11/14/08,2002,,
YUM,Yum! Brands,Consumer Discretionary,Kentucky,10/6/97,1997,,
ADM,ADM,Consumer Staples,Illinois,7/29/81,1902,32,
BF-B,Brown-Forman,Consumer Staples,Kentucky,10/31/82,1870,,
CAG,Conagra Brands,Consumer Staples,Illinois,8/31/83,1919,,
CHD,Church & Dwight,Consumer Staples,New Jersey,12/29/15,1847,,
CL,Colgate-Palmolive,Consumer Staples,New York,3/4/57,1806,,
CLX,Clorox,Consumer Staples,California,3/31/69,1913,,
COST,Costco,Consumer Staples,Washington,10/1/93,1976,,
CPB,Campbell Soup,Consumer Staples,New Jersey,3/4/57,1869,,
EL,Est√©e Lauder Companies,Consumer Staples,New York,1/5/06,1946,,
GIS,General Mills,Consumer Staples,Minnesota,3/31/69,1856,,
HRL,Hormel,Consumer Staples,Minnesota,3/4/09,1891,,
HSY,The Hershey Company,Consumer Staples,Pennsylvania,3/4/57,1894,,
K,Kellogg's,Consumer Staples,Michigan,9/11/89,1906,,
KHC,Kraft Heinz,Consumer Staples,Illinois; Pittsburgh,7/6/15,1869,,
KMB,Kimberly-Clark,Consumer Staples,Texas,3/4/57,1872,,
KO,Coca-Cola,Consumer Staples,Georgia,3/4/57,1886,,
KR,Kroger,Consumer Staples,Ohio,3/4/57,1883,,
LW,Lamb Weston,Consumer Staples,Idaho,12/3/18,1950,,
MDLZ,Mondelez International,Consumer Staples,Illinois,10/2/12,2012,,
MKC,McCormick & Company,Consumer Staples,Maryland,3/20/03,1889,,
MNST,Monster Beverage,Consumer Staples,California,6/28/12,1935,,
MO,Altria Group,Consumer Staples,Virginia,3/4/57,1985,,
PEP,PepsiCo,Consumer Staples,New York,3/4/57,1898,,
PG,Procter & Gamble,Consumer Staples,Ohio,3/4/57,1837,,
PM,Philip Morris International,Consumer Staples,New York,3/31/08,1847,,
SJM,JM Smucker,Consumer Staples,Ohio,11/6/08,1897,,
STZ,Constellation Brands,Consumer Staples,New York,7/1/05,1945,,
SYY,Sysco,Consumer Staples,Texas,12/31/86,1969,,
TAP,Molson Coors,Consumer Staples,Illinois,6/30/76,1786,,
TSN,Tyson Foods,Consumer Staples,Arkansas,8/10/05,1935,,
WBA,Walgreens Boots Alliance,Consumer Staples,Illinois,12/31/79,2014,,
WMT,Walmart,Consumer Staples,Arkansas,8/31/82,1962,,
APA,APA Corporation,Energy,Texas,7/28/97,1954,21,
BKR,Baker Hughes,Energy,Texas,7/7/17,2017,,
COP,ConocoPhillips,Energy,Texas,3/4/57,2002,,
CTRA,Coterra,Energy,Texas,6/23/08,1989,,
CVX,Chevron,Energy,California,3/4/57,1879,,
DVN,Devon Energy,Energy,Oklahoma,8/30/00,1971,,
EOG,EOG Resources,Energy,Texas,11/2/00,1999,,
FANG,Diamondback Energy,Energy,Texas,12/3/18,2007,,
HAL,Halliburton,Energy,Texas,3/4/57,1919,,
HES,Hess Corporation,Energy,New York,5/31/84,1919,,
KMI,Kinder Morgan,Energy,Texas,5/25/12,1997,,
MPC,Marathon Petroleum,Energy,Ohio,7/1/11,1887,,
MRO,Marathon Oil,Energy,Texas,5/1/91,1887,,
OKE,Oneok,Energy,Oklahoma,3/15/10,1906,,
OXY,Occidental Petroleum,Energy,Texas,12/31/82,1920,,
PSX,Phillips 66,Energy,Texas,5/1/12,1917,,
PXD,Pioneer Natural Resources,Energy,Texas,9/24/08,1997,,
SLB,Schlumberger,Energy,Kingdom of the Nethe,3/31/65,1926,,
VLO,Valero Energy,Energy,Texas,,1980,,
WMB,Williams Companies,Energy,Oklahoma,3/31/75,1908,,
XOM,ExxonMobil,Energy,Texas,3/4/57,1999,,
AFL,Aflac,Financials,Georgia,5/28/99,1955,65,
AIG,American International Group,Financials,New York,3/31/80,1919,,
AIZ,Assurant,Financials,New York,4/10/07,1892,,
AJG,Arthur J. Gallagher & Co.,Financials,Illinois,5/31/16,1927,,
ALL,Allstate Corp,Financials,Illinois,7/13/95,1931,,
AMP,Ameriprise Financial,Financials,Minnesota,10/3/05,1894,,
AON,Aon,Financials,UK,4/23/96,1919,,
AXP,American Express,Financials,New York,6/30/76,1850,,
BAC,Bank of America,Financials,North Carolina,6/30/76,1874,,
BEN,Franklin Resources,Financials,California,,1947,,
BK,BNY Mellon,Financials,New York,3/31/95,1784,,
BLK,BlackRock,Financials,New York,4/4/11,1988,,
BRK-B,Berkshire Hathaway,Financials,Nebraska,2/16/10,1839,,
BRO,Brown & Brown,Financials,Florida,9/20/21,1939,,
C,Citigroup,Financials,New York,5/31/88,1998,,
CB,Chubb,Financials,Switzerland,7/15/10,1985,,
CBOE,Cboe Global Markets,Financials,Illinois,3/1/17,1973,,
CFG,Citizens Financial Group,Financials,Rhode Island,1/29/16,1828,,
CINF,Cincinnati Financial,Financials,Ohio,12/18/97,1950,,
CMA,Comerica,Financials,Texas,12/1/95,1849,,
CME,CME Group,Financials,Illinois,8/11/06,1848,,
COF,Capital One,Financials,Virginia,7/1/98,1994,,
DFS,Discover Financial Services,Financials,Illinois,7/2/07,1985,,
FITB,Fifth Third Bancorp,Financials,Ohio,,1858,,
FRC,First Republic Bank,Financials,California,1/2/19,1985,,
GL,Globe Life,Financials,Texas,4/30/89,1900,,
GS,Goldman Sachs,Financials,New York,7/22/02,1869,,
HBAN,Huntington Bancshares,Financials,"Ohio; Detroit, Michi",,1866,,
HIG,The Hartford,Financials,Connecticut,3/4/57,1810,,
ICE,Intercontinental Exchange,Financials,Georgia,9/26/07,2000,,
IVZ,Invesco,Financials,Georgia,8/21/08,1935,,
JPM,JPMorgan Chase,Financials,New York,6/30/75,1799,,
KEY,KeyCorp,Financials,Ohio,3/1/94,1825,,
L,Loews Corporation,Financials,New York,,1959,,
LNC,Lincoln National,Financials,Pennsylvania,6/30/76,1905,,
MCO,Moody's,Financials,New York,,1909,,
MET,MetLife,Financials,New York,,1868,,
MKTX,MarketAxess,Financials,New York,7/1/19,2000,,
MMC,Marsh & McLennan,Financials,New York,8/31/87,1905,,
MS,Morgan Stanley,Financials,New York,,1935,,
MSCI,MSCI,Financials,New York,4/4/18,1969,,
MTB,M&T Bank,Financials,New York,2/23/04,1856,,
NDAQ,Nasdaq,Financials,New York,10/22/08,1971,,
NTRS,Northern Trust,Financials,Illinois,,1889,,
PBCT,People's United Financial,Financials,Connecticut,11/13/08,1842,,
PFG,Principal Financial Group,Financials,Iowa,7/22/02,1879,,
PGR,Progressive Corporation,Financials,Ohio,8/4/97,1937,,
PNC,PNC Financial Services,Financials,Pennsylvania,4/30/88,1845,,
PRU,Prudential Financial,Financials,New Jersey,7/22/02,1875,,
RE,Everest Re,Financials,Bermuda,6/19/17,1973,,
RF,Regions Financial Corporation,Financials,Alabama,8/28/98,1971,,
RJF,Raymond James Financial,Financials,Florida,3/20/17,1962,,
SCHW,Charles Schwab,Financials,Texas,6/2/97,1971,,
SIVB,SVB Financial,Financials,California,3/19/18,1983,,
SPGI,S&P Global,Financials,New York,,1917,,
STT,State Street Corporation,Financials,Massachusetts,,1792,,
SYF,Synchrony Financial,Financials,Connecticut,11/18/15,2003,,
TFC,Truist Financial,Financials,North Carolina,12/4/97,1872,,
TROW,T. Rowe Price,Financials,Maryland,,1937,,
TRV,The Travelers Companies,Financials,New York,8/21/02,1853,,
USB,U.S. Bancorp,Financials,Minnesota,,1968,,
WFC,Wells Fargo,Financials,California,6/30/76,1852,,
,,,,,,,
WRB,W. R. Berkley Corporation,Financials,Connecticut,12/5/19,1967,,
ZION,Zions Bancorp,Financials,Utah,6/22/01,1873,,
A,Agilent Technologies,Health Care,California,6/5/00,1999,64,
ABBV,AbbVie,Health Care,Illinois,12/31/12,1888,,
ABC,AmerisourceBergen,Health Care,Pennsylvania,8/30/01,1985,,
ABMD,Abiomed,Health Care,Massachusetts,5/31/18,1981,,
ABT,Abbott Laboratories,Health Care,Illinois,3/31/64,1888,,
ALGN,Align Technology,Health Care,California,6/19/17,1997,,
AMGN,Amgen,Health Care,California,1/2/92,1980,,
ANTM,Anthem,Health Care,Indiana,7/25/02,1946,,
BAX,Baxter International,Health Care,Illinois,9/30/72,1931,,
BDX,Becton Dickinson,Health Care,New Jersey,9/30/72,1897,,
BIIB,Biogen,Health Care,Massachusetts,11/13/03,1978,,
BIO,Bio-Rad Laboratories,Health Care,California,6/22/20,1952,,
BMY,Bristol Myers Squibb,Health Care,New York,3/4/57,1989,,
BSX,Boston Scientific,Health Care,Massachusetts[4],2/24/95,1979,,
CAH,Cardinal Health,Health Care,Ohio,5/27/97,1971,,
CERN,Cerner,Health Care,Missouri,4/30/10,1979,,
CI,Cigna,Health Care,Connecticut,6/30/76,1982,,
CNC,Centene,Health Care,Missouri,3/30/16,1984,,
COO,The Cooper Companies,Health Care,California,9/23/16,1958,,
CRL,Charles River Laboratories,Health Care,Massachusetts,5/14/21,1947,,
CTLT,Catalent,Health Care,New Jersey,9/21/20,2007,,
CVS,CVS Health,Health Care,Rhode Island,3/4/57,1996,,
DGX,Quest Diagnostics,Health Care,New Jersey,12/12/02,1967,,
DHR,Danaher,Health Care,D.C.,,1969,,
DVA,DaVita,Health Care,Colorado,7/31/08,1979,,
DXCM,DexCom,Health Care,California,5/12/20,1999,,
EW,Edwards Lifesciences,Health Care,California,4/1/11,1958,,
GILD,Gilead Sciences,Health Care,California,7/1/04,1987,,
HCA,HCA Healthcare,Health Care,Tennessee,1/27/15,1968,,
HOLX,Hologic,Health Care,Massachusetts,3/30/16,1985,,
HSIC,Henry Schein,Health Care,New York,3/17/15,1932,,
HUM,Humana,Health Care,Kentucky,,1961,,
IDXX,Idexx Laboratories,Health Care,Maine,1/5/17,1983,,
ILMN,Illumina,Health Care,California,11/19/15,1998,,
INCY,Incyte,Health Care,Delaware,2/28/17,1991,,
IQV,IQVIA,Health Care,North Carolina,8/29/17,1982,,
ISRG,Intuitive Surgical,Health Care,California,6/2/08,1995,,
JNJ,Johnson & Johnson,Health Care,New Jersey,6/30/73,1886,,
LH,LabCorp,Health Care,North Carolina,11/1/04,1978,,
LLY,Eli Lilly,Health Care,Indiana,12/31/70,1876,,
MCK,McKesson Corporation,Health Care,Texas,,1833,,
MDT,Medtronic,Health Care,Ireland,10/31/86,1949,,
MRK,Merck,Health Care,New Jersey,3/4/57,1891,,
MRNA,Moderna,Health Care,Massachusetts,7/21/21,2010,,
MTD,Mettler Toledo,Health Care,Ohio,9/6/16,1945,,
OGN,Organon & Co.,Health Care,New Jersey,6/3/21,2021,,
PFE,Pfizer,Health Care,New York,3/4/57,1849,,
PKI,PerkinElmer,Health Care,Massachusetts,5/31/85,1937,,
REGN,Regeneron Pharmaceuticals,Health Care,New York,5/1/13,1988,,
RMD,ResMed,Health Care,California,7/26/17,1989,,
STE,Steris,Health Care,Ireland,12/23/19,1985,,
SYK,Stryker Corporation,Health Care,Michigan,12/12/00,1941,,
TECH,Bio-Techne,Health Care,Minnesota,8/30/21,1976,,
TFX,Teleflex,Health Care,Pennsylvania,1/18/19,1943,,
TMO,Thermo Fisher Scientific,Health Care,Massachusetts,8/3/04,1902,,
UHS,Universal Health Services,Health Care,Pennsylvania,9/20/14,1979,,
UNH,UnitedHealth Group,Health Care,Minnesota,7/1/94,1977,,
VRTX,Vertex Pharmaceuticals,Health Care,Massachusetts,9/23/13,1989,,
VTRS,Viatris,Health Care,Pennsylvania,4/23/04,1961,,
WAT,Waters Corporation,Health Care,Massachusetts,,1958,,
WST,West Pharmaceutical Services,Health Care,Pennsylvania,5/22/20,1923,,
XRAY,Dentsply Sirona,Health Care,North Carolina,11/14/08,1969,,
ZBH,Zimmer Biomet,Health Care,Indiana,8/7/01,1927,,
ZTS,Zoetis,Health Care,New Jersey,6/21/13,1952,,
AAL,American Airlines Group,Industrials,Texas,3/23/15,1934,74,
ALK,Alaska Air Group,Industrials,Washington,5/13/16,1985,,
ALLE,Allegion,Industrials,New York,12/2/13,1908,,
AME,Ametek,Industrials,Pennsylvania,9/23/13,1930,,
AOS,A. O. Smith,Industrials,Wisconsin,7/26/17,1916,,
BA,Boeing,Industrials,Illinois,3/4/57,1916,,
CARR,Carrier Global,Industrials,Florida,4/3/20,1915,,
CAT,Caterpillar,Industrials,Illinois,3/4/57,1925,,
CHRW,C. H. Robinson,Industrials,Minnesota,3/2/07,1905,,
CMI,Cummins,Industrials,Indiana,3/31/65,1919,,
CPRT,Copart,Industrials,Texas,7/2/18,1982,,
CSX,CSX,Industrials,Florida,9/30/67,1980,,
CTAS,Cintas Corporation,Industrials,Ohio,3/1/01,1929,,
DAL,Delta Air Lines,Industrials,Georgia,9/11/13,1929,,
DE,Deere & Co.,Industrials,Illinois,3/4/57,1837,,
DOV,Dover Corporation,Industrials,Illinois,10/31/85,1955,,
EFX,Equifax,Industrials,Georgia,6/19/97,1899,,
EMR,Emerson Electric,Industrials,Missouri,3/31/65,1890,,
ETN,Eaton Corporation,Industrials,Ireland,,1911,,
EXPD,Expeditors,Industrials,Washington,10/10/07,1979,,
FAST,Fastenal,Industrials,Minnesota,9/15/08,1967,,
FBHS,Fortune Brands Home & Security,Industrials,Illinois,6/22/16,1969,,
FDX,FedEx,Industrials,Tennessee,12/31/80,1971,,
FTV,Fortive,Industrials,Washington,7/1/16,2016,,
GD,General Dynamics,Industrials,Virginia,3/4/57,1899,,
GE,General Electric,Industrials,Massachusetts,,1892,,
GNRC,Generac Holdings,Industrials,Wisconsin,3/22/21,1959,,
GWW,W. W. Grainger,Industrials,Illinois,6/30/81,1927,,
HII,Huntington Ingalls Industries,Industrials,Virginia,1/3/18,2011,,
HON,Honeywell,Industrials,North Carolina,3/31/64,1906,,
HWM,Howmet Aerospace,Industrials,Pennsylvania,3/31/64,2016,,
IEX,IDEX Corporation,Industrials,Illinois,8/9/19,1988,,
INFO,IHS Markit,Industrials,England,6/2/17,1959,,
IR,Ingersoll Rand,Industrials,Wisconsin,3/3/20,1859,,
ITW,Illinois Tool Works,Industrials,Illinois,2/28/86,1912,,
J,Jacobs Engineering Group,Industrials,Texas,10/26/07,1947,,
JBHT,J. B. Hunt,Industrials,Arkansas,7/1/15,1961,,
JCI,Johnson Controls,Industrials,Ireland,8/27/10,1885,,
KSU,Kansas City Southern,Industrials,Missouri,5/24/13,1887,,
LDOS,Leidos,Industrials,Virginia,8/9/19,1969,,
LHX,L3Harris Technologies,Industrials,Florida,9/22/08,1895,,
LMT,Lockheed Martin,Industrials,Maryland,7/31/84,1995,,
LUV,Southwest Airlines,Industrials,Texas,7/1/94,1967,,
MAS,Masco,Industrials,Michigan,6/30/81,1929,,
MMM,3M,Industrials,Minnesota,8/9/76,1902,,
NLSN,Nielsen Holdings,Industrials,New York,7/9/13,1923,,
NOC,Northrop Grumman,Industrials,Virginia,6/30/85,1930,,
NSC,Norfolk Southern,Industrials,Virginia,3/4/57,1881,,
ODFL,Old Dominion Freight Line,Industrials,North Carolina,12/9/19,1934,,
OTIS,Otis Worldwide,Industrials,Connecticut,4/3/20,1853,,
PCAR,Paccar,Industrials,Washington,12/31/80,1905,,
PH,Parker-Hannifin,Industrials,Ohio,11/30/85,1917,,
PNR,Pentair,Industrials,England,10/1/12,1966,,
PWR,Quanta Services,Industrials,Texas,7/1/09,1997,,
RHI,Robert Half International,Industrials,California,12/5/00,1948,,
ROK,Rockwell Automation,Industrials,Wisconsin,,1903,,
ROL,Rollins,Industrials,Georgia,10/1/18,1948,,
ROP,Roper Technologies,Industrials,Florida,12/23/09,1981,,
RSG,Republic Services,Industrials,Arizona,12/5/08,1981,,
RTX,Raytheon Technologies,Industrials,Massachusetts,,1922,,
SNA,Snap-on,Industrials,Wisconsin,9/30/82,1920,,
SWK,Stanley Black & Decker,Industrials,Connecticut,9/30/82,1843,,
TDG,TransDigm Group,Industrials,Ohio,6/3/16,1993,,
TDY,Teledyne Technologies,Industrials,California,6/22/20,1960,,
TT,Trane Technologies,Industrials,Ireland,11/17/10,1871,,
TXT,Textron,Industrials,Rhode Island,12/31/78,1923,,
UAL,United Airlines,Industrials,Illinois,9/3/15,1967,,
UNP,Union Pacific,Industrials,Nebraska,3/4/57,1862,,
UPS,United Parcel Service,Industrials,Georgia,7/22/02,1907,,
URI,United Rentals,Industrials,Connecticut,9/20/14,1997,,
VRSK,Verisk Analytics,Industrials,New Jersey,10/8/15,1971,,
WAB,Wabtec,Industrials,Pennsylvania,2/27/19,1869,,
WM,Waste Management,Industrials,Texas,,1968,,
XYL,Xylem,Industrials,New York,11/1/11,2011,,
AAPL,Apple,Information Technology,California,11/30/82,1977,74,
ACN,Accenture,Information Technology,Ireland,7/6/11,1989,,
ADBE,Adobe,Information Technology,California,5/5/97,1982,,
ADI,Analog Devices,Information Technology,Massachusetts,10/12/99,1965,,
ADP,Automatic Data Processing,Information Technology,New Jersey,3/31/81,1949,,
ADSK,Autodesk,Information Technology,California,12/1/89,1982,,
AKAM,Akamai Technologies,Information Technology,Massachusetts,7/12/07,1998,,
AMAT,Applied Materials,Information Technology,California,3/16/95,1967,,
AMD,Advanced Micro Devices,Information Technology,California,,1969,,
ANET,Arista Networks,Information Technology,California,8/28/18,2004,,
ANSS,Ansys,Information Technology,Pennsylvania,6/19/17,1969,,
APH,Amphenol,Information Technology,Connecticut,9/30/08,1932,,
AVGO,Broadcom,Information Technology,California,5/8/14,1961,,
BR,Broadridge Financial Solutions,Information Technology,New York,6/18/18,1962,,
CDAY,Ceridian,Information Technology,Minnesota,9/20/21,1992,,
CDNS,Cadence Design Systems,Information Technology,California,9/18/17,1988,,
CDW,CDW,Information Technology,Illinois,9/23/19,1984,,
CRM,Salesforce,Information Technology,California,9/15/08,1999,,
CSCO,Cisco Systems,Information Technology,California,12/1/93,1984,,
CTSH,Cognizant Technology Solutions,Information Technology,New Jersey,11/17/06,1994,,
CTXS,Citrix Systems,Information Technology,Florida,12/1/99,1989,,
DXC,DXC Technology,Information Technology,Virginia,4/4/17,2017,,
ENPH,Enphase Energy,Information Technology,California,1/7/21,2006,,
FFIV,F5 Networks,Information Technology,Washington,12/20/10,1996,,
FIS,Fidelity National Information Services,Information Technology,Florida,11/10/06,1968,,
FISV,Fiserv,Information Technology,Wisconsin,4/2/01,1984,,
FLT,Fleetcor,Information Technology,Georgia,6/20/18,2000,,
FTNT,Fortinet,Information Technology,California,10/11/18,2000,,
GLW,Corning,Information Technology,New York,,1851,,
GPN,Global Payments,Information Technology,Georgia,4/25/16,2000,,
HPE,Hewlett Packard Enterprise,Information Technology,Texas,11/2/15,2015,,
HPQ,HP,Information Technology,California,12/31/74,1939,,
IBM,IBM,Information Technology,New York,3/4/57,1911,,
INTC,Intel,Information Technology,California,12/31/76,1968,,
INTU,Intuit,Information Technology,California,12/5/00,1983,,
IPGP,IPG Photonics,Information Technology,Massachusetts,3/7/18,1990,,
IT,Gartner,Information Technology,Connecticut,4/5/17,1979,,
JKHY,Jack Henry & Associates,Information Technology,Missouri,11/13/18,1976,,
JNPR,Juniper Networks,Information Technology,California,6/2/06,1996,,
KEYS,Keysight Technologies,Information Technology,California,11/6/18,2014,,
KLAC,KLA Corporation,Information Technology,California,,1975,,
LRCX,Lam Research,Information Technology,California,6/29/12,1980,,
MA,Mastercard,Information Technology,New York,7/18/08,1966,,
MCHP,Microchip Technology,Information Technology,Arizona,9/7/07,1989,,
MPWR,Monolithic Power Systems,Information Technology,Washington,2/12/21,1997,,
MSFT,Microsoft,Information Technology,Washington,6/1/94,1975,,
MSI,Motorola Solutions,Information Technology,Illinois,,1928,,
MU,Micron Technology,Information Technology,Idaho,9/27/94,1978,,
NLOK,NortonLifeLock,Information Technology,Arizona,3/25/03,1982,,
NOW,ServiceNow,Information Technology,California,11/21/19,2003,,
NTAP,NetApp,Information Technology,California,6/25/99,1992,,
NVDA,Nvidia,Information Technology,California,11/30/01,1993,,
NXPI,NXP,Information Technology,Netherlands,3/22/21,1953,,
ORCL,Oracle,Information Technology,Texas,8/31/89,1977,,
PAYC,Paycom,Information Technology,Oklahoma,1/28/20,1998,,
PAYX,Paychex,Information Technology,New York,,1971,,
PTC,PTC,Information Technology,Massachusetts,4/20/21,1985,,
PYPL,PayPal,Information Technology,California,7/20/15,1998,,
QCOM,Qualcomm,Information Technology,California,,1985,,
QRVO,Qorvo,Information Technology,North Carolina,6/11/15,2015,,
SNPS,Synopsys,Information Technology,California,3/16/17,1986,,
STX,Seagate Technology,Information Technology,Ireland,7/2/12,1979,,
SWKS,Skyworks Solutions,Information Technology,Massachusetts,3/12/15,2002,,
TEL,TE Connectivity,Information Technology,Switzerland,10/17/11,2007,,
TER,Teradyne,Information Technology,Massachusetts,9/21/20,1960,,
TRMB,Trimble,Information Technology,California,1/21/21,1978,,
TXN,Texas Instruments,Information Technology,Texas,,1930,,
TYL,Tyler Technologies,Information Technology,Texas,6/22/20,1966,,
V,Visa,Information Technology,California,12/21/09,1958,,
VRSN,Verisign,Information Technology,Virginia,2/1/06,1995,,
WDC,Western Digital,Information Technology,California,7/1/09,1970,,
WU,Western Union,Information Technology,Colorado,9/29/06,1851,,
XLNX,Xilinx,Information Technology,California,11/8/99,1984,,
ZBRA,Zebra Technologies,Information Technology,Illinois,12/23/19,1969,,
ALB,Albemarle Corporation,Materials,North Carolina,7/1/16,1994,28,
AMCR,Amcor,Materials,Switzerland,6/7/19,1860,,
APD,Air Products & Chemicals,Materials,Pennsylvania,4/30/85,1940,,
AVY,Avery Dennison,Materials,California,12/31/87,1990,,
BLL,Ball Corp,Materials,Colorado,10/31/84,1880,,
CE,Celanese,Materials,Texas,12/24/18,1918,,
CF,CF Industries,Materials,Illinois,8/27/08,1946,,
CTVA,Corteva,Materials,Delaware,6/3/19,2019,,
DD,DuPont,Materials,Delaware,4/2/19,2017,,
DOW,Dow,Materials,Michigan,4/1/19,2019,,
ECL,Ecolab,Materials,Minnesota,1/31/89,1923,,
EMN,Eastman Chemical,Materials,Tennessee,1/1/94,1920,,
FCX,Freeport-McMoRan,Materials,Arizona,,1912,,
FMC,FMC Corporation,Materials,Pennsylvania,8/19/09,1883,,
IFF,International Flavors & Fragrances,Materials,New York,3/31/76,1889,,
IP,International Paper,Materials,Tennessee,3/4/57,1898,,
LIN,Linde,Materials,England,7/1/92,1879,,
LYB,LyondellBasell,Materials,Netherlands,9/5/12,2007,,
MLM,Martin Marietta Materials,Materials,North Carolina,7/2/14,1993,,
MOS,The Mosaic Company,Materials,Florida,9/26/11,1865,,
NEM,Newmont,Materials,Colorado,6/30/69,1921,,
NUE,Nucor,Materials,North Carolina,4/30/85,1940,,
PKG,Packaging Corporation of America,Materials,Illinois,7/26/17,1959,,
PPG,PPG Industries,Materials,Pennsylvania,3/4/57,1883,,
SEE,Sealed Air,Materials,North Carolina,3/4/57,1960,,
SHW,Sherwin-Williams,Materials,Ohio,6/30/64,1866,,
VMC,Vulcan Materials,Materials,Alabama,6/30/99,1909,,
WRK,WestRock,Materials,Georgia,,2015,,
AMT,American Tower,Real Estate,Massachusetts,11/19/07,1995,29,
ARE,Alexandria Real Estate Equities,Real Estate,California,3/20/17,1994,,
AVB,AvalonBay Communities,Real Estate,Virginia[3],1/10/07,1978,,
BXP,Boston Properties,Real Estate,Massachusetts,4/3/06,1970,,
CBRE,CBRE,Real Estate,Texas,11/10/06,1906,,
CCI,Crown Castle,Real Estate,Texas,3/14/12,1994,,
DLR,Digital Realty Trust,Real Estate,Texas,5/18/16,2004,,
DRE,Duke Realty Corp,Real Estate,Indiana,7/26/17,1972,,
EQIX,Equinix,Real Estate,California,3/20/15,1998,,
EQR,Equity Residential,Real Estate,Illinois,12/3/01,1969,,
ESS,Essex Property Trust,Real Estate,California,4/2/14,1971,,
EXR,Extra Space Storage,Real Estate,Utah,1/19/16,1977,,
FRT,Federal Realty Investment Trust,Real Estate,Maryland,2/1/16,1962,,
HST,Host Hotels & Resorts,Real Estate,Maryland,3/20/07,1993,,
IRM,Iron Mountain,Real Estate,Massachusetts,1/6/09,1951,,
KIM,Kimco Realty,Real Estate,New York,4/4/06,1958,,
MAA,Mid-America Apartments,Real Estate,Tennessee,12/2/16,1977,,
O,Realty Income Corporation,Real Estate,California,4/7/15,1969,,
PEAK,Healthpeak Properties,Real Estate,California,3/31/08,1985,,
PLD,Prologis,Real Estate,California,7/17/03,1983,,
PSA,Public Storage,Real Estate,California,8/19/05,1972,,
REG,Regency Centers,Real Estate,Florida,3/2/17,1963,,
SBAC,SBA Communications,Real Estate,Florida,9/1/17,1989,,
SPG,Simon Property Group,Real Estate,Indiana,6/26/02,2003,,
UDR,UDR,Real Estate,Colorado,3/7/16,1972,,
VNO,Vornado Realty Trust,Real Estate,New York,,1982,,
VTR,Ventas,Real Estate,Illinois,3/4/09,1998,,
WELL,Welltower,Real Estate,Ohio,1/30/09,1970,,
WY,Weyerhaeuser,Real Estate,Washington,,1900,,
AEE,Ameren Corp,Utilities,Missouri,9/19/91,1902,28,
AEP,American Electric Power,Utilities,Ohio,3/4/57,1906,,
AES,AES Corp,Utilities,Virginia,10/2/98,1981,,
ATO,Atmos Energy,Utilities,Texas,2/15/19,1906,,
AWK,American Water Works,Utilities,New Jersey,3/4/16,1886,,
CMS,CMS Energy,Utilities,Michigan,5/3/99,1886,,
CNP,CenterPoint Energy,Utilities,Texas,7/31/85,1882,,
D,Dominion Energy,Utilities,Virginia,,1983,,
DTE,DTE Energy,Utilities,Michigan,3/4/57,1995,,
DUK,Duke Energy,Utilities,North Carolina,6/30/76,1904,,
ED,Consolidated Edison,Utilities,New York,,1823,,
EIX,Edison International,Utilities,California,3/4/57,1886,,
ES,Eversource Energy,Utilities,Connecticut,,1966,,
ETR,Entergy,Utilities,Louisiana,3/4/57,1913,,
EVRG,Evergy,Utilities,Missouri,6/5/18,1909,,
EXC,Exelon,Utilities,Illinois,3/4/57,2000,,
FE,FirstEnergy,Utilities,Ohio,,1997,,
LNT,Alliant Energy,Utilities,Wisconsin,7/1/16,1917,,
NEE,NextEra Energy,Utilities,Florida,6/30/76,1925,,
NI,NiSource,Utilities,Indiana,,1912,,
NRG,NRG Energy,Utilities,Texas,1/29/10,1992,,
PEG,Public Service Enterprise Group,Utilities,New Jersey,3/4/57,1903,,
PNW,Pinnacle West Capital,Utilities,Arizona,,1985,,
PPL,PPL,Utilities,Pennsylvania,,1920,,
SO,Southern Company,Utilities,Georgia,3/4/57,1945,,
SRE,Sempra Energy,Utilities,California,,1998,,
WEC,WEC Energy Group,Utilities,Wisconsin,10/31/08,1896,,
XEL,Xcel Energy,Utilities,Minnesota,3/4/57,1909,,Total: 505